Airline,Flight Number,Departure Time,Departure City,Arrival Time,Arrival City,Duration,Stops,Price (INR)
Akasa Air,QP-1134,22:55,Bangalore,00:45+ 1 day,Mumbai,1h 50m,Non Stop,"4,767"
IndiGo,6E-5205,03:45,Bangalore,05:30,Mumbai,1h 45m,Non Stop,"5,634"
N/A,N/A,N/A,N/A,N/A,N/A,N/A,N/A,N/A
IndiGo,6E-5293,01:00,Bangalore,02:50,Mumbai,1h 50m,Non Stop,"5,634"
Akasa Air,QP-1517,07:40,Bangalore,09:25,Mumbai,1h 45m,Non Stop,"5,987"
IndiGo,6E-5089,05:30,Bangalore,07:15,Mumbai,1h 45m,Non Stop,"6,159"
Akasa Air,QP-1528,10:20,Bangalore,12:10,Mumbai,1h 50m,Non Stop,"6,732"
Air India,AI-2402,06:35,Bangalore,08:35,Mumbai,2h 00m,Non Stop,"6,872"
Air India,AI-2411,08:20,Bangalore,10:20,Mumbai,2h 00m,Non Stop,"6,872"
IndiGo,6E-2086,09:20,Bangalore,10:55,Navi Mumbai,1h 35m,Non Stop,"6,972"
IndiGo,6E-5216,07:25,Bangalore,09:10,Mumbai,1h 45m,Non Stop,"6,982"
IndiGo,6E-5051,08:30,Bangalore,10:15,Mumbai,1h 45m,Non Stop,"6,982"
Air India,AI-2840,22:30,Bangalore,00:35+ 1 day,Mumbai,2h 05m,Non Stop,"6,989"
Akasa Air,QP-1381,04:50,Bangalore,06:45,Mumbai,1h 55m,Non Stop,"7,287"
IndiGo,6E-5094,22:20,Bangalore,00:05+ 1 day,Mumbai,1h 45m,Non Stop,"7,297"
IndiGo,6E-5237,10:15,Bangalore,12:05,Mumbai,1h 50m,Non Stop,"7,297"
IndiGo,6E-5069,11:30,Bangalore,13:20,Mumbai,1h 50m,Non Stop,"7,297"
Air India,AI-2604,09:15,Bangalore,11:15,Mumbai,2h 00m,Non Stop,"7,362"
IndiGo,6E-312/5384,09:15,Bangalore,14:25,Mumbai,5h 10m,N/A,"7,439"
IndiGo,6E-484/5384,08:15,Bangalore,14:25,Mumbai,6h 10m,N/A,"7,439"
IndiGo,6E-6863/5344,08:20,Bangalore,13:45,Mumbai,5h 25m,N/A,"7,570"
IndiGo,6E-6017/5149,18:15,Bangalore,22:15,Mumbai,4h 00m,N/A,"7,649"
IndiGo,6E-6077/6225,20:20,Bangalore,00:30+ 1 day,Mumbai,4h 10m,N/A,"7,649"
IndiGo,6E-356/5149,17:15,Bangalore,22:15,Mumbai,5h 00m,N/A,"7,649"
IndiGo,6E-763/436,07:05,Bangalore,12:50,Mumbai,5h 45m,N/A,"7,649"
IndiGo,6E-6269/5214,07:15,Bangalore,13:00,Mumbai,5h 45m,N/A,"7,649"
IndiGo,6E-6208/5104,12:45,Bangalore,18:40,Mumbai,5h 55m,N/A,"7,649"
IndiGo,6E-6017/6225,18:15,Bangalore,00:30+ 1 day,Mumbai,6h 15m,N/A,"7,649"
Air India,AI-2852,10:30,Bangalore,12:35,Mumbai,2h 05m,Non Stop,"7,683"
IndiGo,6E-7162/5083,15:20,Bangalore,21:20,Mumbai,6h 00m,N/A,"7,849"
Akasa Air,QP-1515,06:20,Bangalore,08:00,Mumbai,1h 40m,Non Stop,"7,895"
IndiGo,6E-5218,13:00,Bangalore,14:50,Mumbai,1h 50m,Non Stop,"8,032"
Air India,AI-2811,23:40,Bangalore,01:45+ 1 day,Mumbai,2h 05m,Non Stop,"8,088"
Air India,AI-2642,21:30,Bangalore,23:35,Mumbai,2h 05m,Non Stop,"8,239"
Air India Express,IX-1581,18:40,Bangalore,20:25,Navi Mumbai,1h 45m,Non Stop,"8,356"
IndiGo,6E-6554/6360,19:15,Bangalore,23:00,Navi Mumbai,3h 45m,N/A,"8,388"
IndiGo,6E-6168/6360,17:40,Bangalore,23:00,Navi Mumbai,5h 20m,N/A,"8,388"
IndiGo,6E-5351,14:20,Bangalore,16:05,Mumbai,1h 45m,Non Stop,"8,452"
IndiGo,6E-6507/5271,13:15,Bangalore,17:25,Mumbai,4h 10m,N/A,"8,782"
IndiGo,6E-586/6468,05:10,Bangalore,10:30,Mumbai,5h 20m,N/A,"8,782"
Air India Express,IX-1360,20:55,Bangalore,22:40,Navi Mumbai,1h 45m,Non Stop,"9,236"
IndiGo,6E-6283,19:05,Bangalore,20:40,Mumbai,1h 35m,Non Stop,"9,502"
IndiGo,6E-5031,16:00,Bangalore,17:45,Mumbai,1h 45m,Non Stop,"9,502"
IndiGo,6E-5376,20:15,Bangalore,22:00,Mumbai,1h 45m,Non Stop,"9,502"
IndiGo,6E-6554/6156,19:15,Bangalore,01:25+ 1 day,Mumbai,6h 10m,N/A,"9,790"
Air India,IX-9840/599,06:10,Bangalore,20:10,Mumbai,14h 00m,N/A,"10,660"
Air India,AI-2858,02:20,Bangalore,04:10,Mumbai,1h 50m,Non Stop,"10,832"
IndiGo,6E-6423/6351,20:00,Bangalore,00:30+ 1 day,Mumbai,4h 30m,N/A,"10,901"
Air India,AI-2850,20:30,Bangalore,22:40,Mumbai,2h 10m,Non Stop,"11,023"
IndiGo,6E-6030,15:00,Bangalore,16:40,Navi Mumbai,1h 40m,Non Stop,"11,110"
Air India,AI-2610,19:00,Bangalore,21:05,Mumbai,2h 05m,Non Stop,"11,119"
Air India,IX-9478/2740,22:10,Bangalore,18:20+ 1 day,Mumbai,20h 10m,N/A,"11,127"
IndiGo,6E-5255,17:25,Bangalore,19:05,Mumbai,1h 40m,Non Stop,"11,287"
Air India,AI-2630,12:05,Bangalore,14:05,Mumbai,2h 00m,Non Stop,"11,405"
Air India,AI-2854,18:05,Bangalore,20:05,Mumbai,2h 00m,Non Stop,"11,501"
IndiGo,6E-6178/5174,06:25,Bangalore,10:55,Mumbai,4h 30m,N/A,"11,531"
Air India,IX-9482/2740,19:40,Bangalore,18:20+ 1 day,Mumbai,22h 40m,N/A,"11,537"
Air India,IX-9478/640,22:10,Bangalore,19:10+ 1 day,Mumbai,21h 00m,N/A,"11,547"
IndiGo,6E-904/5258,10:50,Bangalore,14:45,Mumbai,3h 55m,N/A,"11,741"
Air India,IX-9482/640,19:40,Bangalore,19:10+ 1 day,Mumbai,23h 30m,N/A,"11,957"
Air India,IX-9570/418,05:40,Bangalore,13:25,Mumbai,7h 45m,N/A,"12,589"
IndiGo,6E-7005/436,08:05,Bangalore,12:50,Mumbai,4h 45m,N/A,"12,657"
Air India,IX-9570/2445,05:40,Bangalore,16:25,Mumbai,10h 45m,N/A,"12,904"
Air India,IX-9570/2447,05:40,Bangalore,19:25,Mumbai,13h 45m,N/A,"12,904"
Air India,IX-9570/2876,05:40,Bangalore,22:30,Mumbai,16h 50m,N/A,"12,904"
Air India,IX-9478/2828,22:10,Bangalore,08:15+ 1 day,Mumbai,10h 05m,N/A,"13,017"
Air India,IX-9426/2828,12:40,Bangalore,08:15+ 1 day,Mumbai,19h 35m,N/A,"13,017"
Air India,IX-9480/2828,08:40,Bangalore,08:15+ 1 day,Mumbai,23h 35m,N/A,"13,017"
Air India,IX-9762/2828,07:05,Bangalore,08:15+ 1 day,Mumbai,25h 10m,N/A,"13,017"
IndiGo,6E-904/5371,10:50,Bangalore,16:40,Mumbai,5h 50m,N/A,"13,177"
Air India,IX-9970/2828,14:45,Bangalore,08:15+ 1 day,Mumbai,17h 30m,N/A,"13,217"
Air India,IX-9478/2822,22:10,Bangalore,11:55+ 1 day,Mumbai,13h 45m,N/A,"13,263"
Air India,IX-9426/2822,12:40,Bangalore,11:55+ 1 day,Mumbai,23h 15m,N/A,"13,263"
Air India,IX-9482/2828,19:40,Bangalore,08:15+ 1 day,Mumbai,12h 35m,N/A,"13,427"
Air India,IX-9970/2822,14:45,Bangalore,11:55+ 1 day,Mumbai,21h 10m,N/A,"13,463"
Air India,IX-9434/2494,06:15,Bangalore,22:40,Mumbai,16h 25m,N/A,"13,603"
IndiGo,6E-239/868,16:50,Bangalore,23:00,Mumbai,6h 10m,N/A,"13,659"
Air India,IX-9482/2822,19:40,Bangalore,11:55+ 1 day,Mumbai,16h 15m,N/A,"13,673"
Air India,IX-9426/2740,12:40,Bangalore,18:20,Mumbai,5h 40m,N/A,"13,917"
Air India,IX-9480/2740,08:40,Bangalore,18:20,Mumbai,9h 40m,N/A,"13,917"
Air India,IX-9762/2740,07:05,Bangalore,18:20,Mumbai,11h 15m,N/A,"13,917"
Air India,IX-9453/2788,21:00,Bangalore,12:30+ 1 day,Mumbai,15h 30m,N/A,"14,187"
Air India,IX-9457/2788,16:15,Bangalore,12:30+ 1 day,Mumbai,20h 15m,N/A,"14,187"
Air India,IX-9749/2492,06:20,Bangalore,16:40,Mumbai,10h 20m,N/A,"14,635"
Air India,IX-9453/2856,21:00,Bangalore,15:00+ 1 day,Mumbai,18h 00m,N/A,"15,005"
Air India,IX-9457/2856,16:15,Bangalore,15:00+ 1 day,Mumbai,22h 45m,N/A,"15,005"
Air India,IX-9547/2492,19:15,Bangalore,16:40+ 1 day,Mumbai,21h 25m,N/A,"15,265"
Air India,IX-9570/2699,05:40,Bangalore,00:15+ 1 day,Mumbai,18h 35m,N/A,"15,424"
Air India,IX-9488/2784,21:05,Bangalore,22:30+ 1 day,Mumbai,25h 25m,N/A,"15,455"
Air India,IX-9762/2822,07:05,Bangalore,11:55,Mumbai,4h 50m,N/A,"15,517"
Air India,AI-2810/2927,06:00,Bangalore,12:00,Mumbai,6h 00m,N/A,"15,521"
Air India,AI-2414/9484,05:30,Bangalore,01:50+ 1 day,Mumbai,20h 20m,N/A,"15,572"
Air India,IX-9488/2660,21:05,Bangalore,20:30+ 1 day,Mumbai,23h 25m,N/A,"15,656"
IndiGo,6E-537/5384,10:15,Bangalore,14:25,Mumbai,4h 10m,N/A,"15,736"
IndiGo,6E-537/5099,10:15,Bangalore,15:55,Mumbai,5h 40m,N/A,"15,736"
IndiGo,6E-747/6598,17:55,Bangalore,23:45,Mumbai,5h 50m,N/A,"16,077"
Air India,IX-9426/640,12:40,Bangalore,19:10,Mumbai,6h 30m,N/A,"16,157"
Air India,IX-9480/640,08:40,Bangalore,19:10,Mumbai,10h 30m,N/A,"16,157"
Air India,IX-9762/640,07:05,Bangalore,19:10,Mumbai,12h 05m,N/A,"16,157"
Air India,AI-2758/9486,00:15,Bangalore,08:05,Mumbai,7h 50m,N/A,"16,208"
Air India,IX-9970/640,14:45,Bangalore,19:10,Mumbai,4h 25m,N/A,"16,358"
Air India,AI-2758/1745,00:15,Bangalore,07:20,Mumbai,7h 05m,N/A,"16,414"
Air India,AI-2758/2975,00:15,Bangalore,08:50,Mumbai,8h 35m,N/A,"16,526"
Air India,AI-2758/2429,00:15,Bangalore,09:25,Mumbai,9h 10m,N/A,"16,526"
Air India,AI-2758/2943,00:15,Bangalore,09:55,Mumbai,9h 40m,N/A,"16,526"
Air India,AI-2758/2678,00:15,Bangalore,10:45,Mumbai,10h 30m,N/A,"16,526"
Air India,AI-2758/2963,00:15,Bangalore,11:15,Mumbai,11h 00m,N/A,"16,526"
Air India,AI-2758/2927,00:15,Bangalore,12:00,Mumbai,11h 45m,N/A,"16,526"
Air India,AI-2758/9484,00:15,Bangalore,01:50+ 1 day,Mumbai,25h 35m,N/A,"16,576"
Air India,AI-2665/1777,19:40,Bangalore,18:25+ 1 day,Mumbai,22h 45m,N/A,"16,685"
Air India,IX-9524/2421,17:15,Bangalore,15:00+ 1 day,Mumbai,21h 45m,N/A,"16,707"
Air India,AI-2665/2933,19:40,Bangalore,17:55+ 1 day,Mumbai,22h 15m,N/A,"16,895"
IndiGo,6E-6891/5133,17:15,Bangalore,22:20,Mumbai,5h 05m,N/A,"16,934"
Air India,AI-2758/2433,00:15,Bangalore,23:55,Mumbai,23h 40m,N/A,"17,156"
Air India,AI-2665/9486,19:40,Bangalore,08:05+ 1 day,Mumbai,12h 25m,N/A,"17,191"
Air India,IX-9524/2506,17:15,Bangalore,23:10,Mumbai,5h 55m,N/A,"17,295"
Air India,AI-2758/2981,00:15,Bangalore,23:20,Mumbai,23h 05m,N/A,"17,343"
Air India,AI-2818/1777,20:00,Bangalore,18:25+ 1 day,Mumbai,22h 25m,N/A,"17,420"
Air India,AI-2758/2957,00:15,Bangalore,23:05,Mumbai,22h 50m,N/A,"17,471"
Air India,AI-2818/2933,20:00,Bangalore,17:55+ 1 day,Mumbai,21h 55m,N/A,"17,630"
Air India,AI-2818/9486,20:00,Bangalore,08:05+ 1 day,Mumbai,12h 05m,N/A,"17,926"
Air India,IX-9451/2788,05:30,Bangalore,12:30,Mumbai,7h 00m,N/A,"18,600"
Air India,IX-9434/2848,06:15,Bangalore,13:40,Mumbai,7h 25m,N/A,"18,602"
Air India,IX-9434/2504,06:15,Bangalore,16:35,Mumbai,10h 20m,N/A,"18,602"
IndiGo,6E-6753/5242,15:15,Bangalore,19:55,Mumbai,4h 40m,N/A,"19,885"
IndiGo,6E-6162/5310,18:50,Bangalore,22:50,Mumbai,4h 00m,N/A,"20,016"
Air India Express,IX-2678/1800,05:30,Bangalore,18:35,Mumbai,13h 05m,N/A,"20,521"
IndiGo,6E-855/6363,19:45,Bangalore,01:00+ 1 day,Mumbai,5h 15m,N/A,"20,711"
IndiGo,6E-638/6363,18:35,Bangalore,01:00+ 1 day,Mumbai,6h 25m,N/A,"20,711"
IndiGo,6E-6653/5231,12:35,Bangalore,17:50,Mumbai,5h 15m,N/A,"20,985"
IndiGo,6E-6653/7038,12:35,Bangalore,18:55,Navi Mumbai,6h 20m,N/A,"21,215"
IndiGo,6E-109/5310,17:00,Bangalore,22:50,Mumbai,5h 50m,N/A,"21,373"
Air India Express,IX-1386/1241,12:30,Bangalore,19:50,Mumbai,7h 20m,N/A,"22,583"
IndiGo,6E-6067/5039,16:30,Bangalore,20:30,Mumbai,4h 00m,N/A,"22,811"
Air India Express,IX-1893/1800,08:40,Bangalore,18:35,Mumbai,9h 55m,N/A,"22,970"
IndiGo,6E-6595/5139,13:55,Bangalore,18:25,Mumbai,4h 30m,N/A,"25,960"
